CCAA,provincia,localidad,nombre,lat,long
Andalucía,Almería,Alhama de Almería,Balneario San Nicolás,36.960081,-2.572423
Andalucía,Almería,Almería,Avenida Hotel,36.8498616,-2.4468189
Andalucía,Almería,Almería,Hotel Catedral,36.8384083,-2.4668314
Andalucía,Almería,Laujar de Andarax,Hotel Almirez,36.991028,-2.908006
Andalucía,Cádiz,Algeciras,Hotel María Luisa,36.1481457,-5.452271
Andalucía,Cádiz,Algeciras,Hotel Mercure Algeciras,36.1429909,-5.448574499999999
Andalucía,Cádiz,Arcos de la frontera,La Fonda Califa,36.7512287,-5.8121427
Andalucía,Cádiz,Cádiz,Las Cortes de Cádiz,36.5214669,-6.2770863
Andalucía,Cádiz,Conil,Almadraba Conil,36.2748635,-6.088493799999999
Andalucía,Cádiz,El Puerto de Santamaría,Alhaja Playa,36.5879583,-6.24639
Andalucía,Cádiz,El Puerto de Santamaría,Hotel del Mar,36.5981061,-6.2411409
Andalucía,Cádiz,El Puerto de Santamaría,Las Dunas,36.5912249,-6.2375848
Andalucía,Cádiz,El Puerto de Santamaría,Los Cántaros,36.59936340000001,-6.224288899999999
Andalucía,Cádiz,Jerez de la Frontera,Hotel Chancillería,36.6869977,-6.141577499999999
Andalucía,Cádiz,Jerez de la Frontera,Life Apartments Guadalete,36.6885051,-6.138310199999999
Andalucía,Cádiz,Los Barrios,Hotel Montera Plaza,36.1779674,-5.4883743
Andalucía,Cádiz,Puerto Real,Hotel Ciudad del Sur,36.536645,-6.166303
Andalucía,Cádiz,Rota,Hostal Boutique La Española,36.6194198,-6.3598056
Andalucía,Cádiz,Rota,Life Apartments Costa Ballena,36.6916523,-6.4120548
Andalucía,Cádiz,Sanlúcar,Guadalquivir,36.7725774,-6.3529689
Andalucía,Cádiz,Sanlúcar,Palacio Arizón,36.776605,-6.358959
Andalucía,Córdoba,Almodóvar,Hostal San Luis,37.8218915,-5.0067936
Andalucía,Córdoba,Córdoba,Apartamentos Barroso,37.8821909,-4.7804399
Andalucía,Córdoba,Córdoba,Apartamentos Monteras Córdoba Centro,37.88492,-4.78367
Andalucía,Córdoba,Córdoba,La Llave de la Judería,37.8803737,-4.7823423
Andalucía,Córdoba,Montoro,Mirador de Montoro,38.018028,-4.3800272
Andalucía,Córdoba,Vva de Córdoba,Hotel Las Monteras,38.2077748,-5.1504327
Andalucía,Granada,Granada,Gran Hotel Luna de Granada,37.1765517,-3.6127781
Andalucía,Granada,Granada,Hotel Dauro,37.16952029999999,-3.597022299999999
Andalucía,Granada,Granada,Room Mate Leo,37.1741972,-3.6002806
Andalucía,Huelva,Huelva,Sercotel Familia Conde,37.2544444,-6.9452778
Andalucía,Huelva,Huelva,Hotel Marina,37.2604157,-6.930445499999999
Andalucía,Huelva,Punta Umbría,Apartamento LEO,37.189751,-6.983483
Andalucía,Jaén,Jaén,Hotel Condestable,37.7733009,-3.788650999999999
Andalucía,Jaén,Linares,Hotel Cervantes,38.09685,-3.632079999999999
Andalucía,Málaga,Antequera,Antequera Golf,37.02047659999999,-4.5740828
Andalucía,Málaga,Antequera,Los Dólmenes,37.0237538,-4.5463791
Andalucía,Málaga,Málaga,Ilunion Málaga,36.7105769,-4.4273599
Andalucía,Málaga,Málaga,Soho Málaga,36.7167335,-4.4222036
Andalucía,Málaga,Málaga,Angel Suites,36.7219189,-4.4211428
Andalucía,Málaga,Málaga,Atarazanas,36.7180877,-4.4240691
Andalucía,Málaga,Marbella,BuleBay Banus,36.48654800000001,-4.969552
Andalucía,Málaga,Mijas,La Cala Resort,36.5423711,-4.7202158
Andalucía,Málaga,Nerja,Marina Turquesa,36.7568058,-3.8684673
Andalucía,Málaga,Nerja,MB Boutique,36.744128,-3.88334
Andalucía,Sevilla,Sevilla,Hostal Avenida Andalucía,37.3868766,-5.952878
Andalucía,Sevilla,Sevilla,Apartur Aljarafe,37.3818827,-6.0672519
Andalucía,Sevilla,Sevilla,Hotel Bellavista Sevilla,37.318767,-5.968344
Andalucía,Sevilla,Sevilla,NH Viapol,37.3785186,-5.977938399999999
Andalucía,Sevilla,Sevilla,Hostal El Cruce,37.386052,-5.988121
Aragón,Huesca,Huesca,Aparthotel Huesca,42.13353,-0.409587
Aragón,Huesca,Huesca,Hostal Rugaca,42.1370274,-0.408124
Aragón,Huesca,Jaca,Hotel A Boira,42.574374,-0.546393
Aragón,Huesca,Tramacastilla de Tena,Hotel El Privilegio de Tena,42.713953,-0.316317
Aragón,Teruel,Alcañiz,Aparthotel Meseguer,41.04365869999999,-0.1297158
Aragón,Teruel,Alcañiz,Camping La Estanca,41.0671076,-0.1867532
Aragón,Teruel,Alcañiz,Hotel Guadalope,41.050771,-0.132052
Aragón,Teruel,Andorra,Hotel Santa Bárbara,40.9747015,-0.4525036000000001
Aragón,Teruel,Berge,Casa Rural Torre Piquer,40.8570576,-0.4287414
Aragón,Teruel,Rubielos de Mora,Hotel Montaña Rubielos,40.1909156,-0.6575354999999999
Aragón,Teruel,Teruel,Hotel Isabel de Segura,40.3338127,-1.1081433
Aragón,Teruel,Teruel,Hotel Mudayyan,40.3418115,-1.1080474
Aragón,Teruel,Teruel,Hotel Reina Cristina,40.341876,-1.1084886
Aragón,Zaragoza,Cariñena,Hotel del Vino,41.329337,-1.217835
Aragón,Zaragoza,Casetas,Hostal San Miguel,41.7185209,-1.0267624
Aragón,Zaragoza,Ejea de los Caballeros,Hotel Salvevir,42.1258806,-1.1434511
Aragón,Zaragoza,Épila,Hotel Carrasco,41.5985833,-1.2839895
Aragón,Zaragoza,Quinto de Ebro,Pensión Quinto,41.4251219,-0.4960129
Aragón,Zaragoza,Zaragoza,Albergue de Zaragoza,41.6576996,-0.8859363
Aragón,Zaragoza,Zaragoza,Apartamentos Augusta,41.6555851,-0.8839384
Aragón,Zaragoza,Zaragoza,Aparthotel Los Girasoles,41.653301,-0.8845993
Aragón,Zaragoza,Zaragoza,Hotel Gran Vía,41.6456301,-0.8903302
Aragón,Zaragoza,Zaragoza,Hotel NH Ciudad de Zaragoza,41.657677,-0.8820256999999999
Aragón,Zaragoza,Zaragoza,Hotel París Centro,41.6554722,-0.8848611
Aragón,Zaragoza,Zaragoza,Hotel Villa Gomá,41.633729,-0.9009244000000001
Asturias,Asturias,Avilés,Hotel Oca Villa de Avilés,43.5584706,-5.9294692
Asturias,Asturias,Cabañaquinta,Apartamentos Llana,43.1615294,-5.624351
Asturias,Asturias,Cangas de Narcea,Apartamentos Legazpi,43.1777093,-6.550264899999999
Asturias,Asturias,Cangas de Onís,Apartamentos La Candaliega,43.3423656,-5.0154144
Asturias,Asturias,Cangas del Narcea,Apartamentos Casa Baratura,43.177536,-6.5515379
Asturias,Asturias,El Pito,Apartamentos Cudillero,43.5461596,-6.1328055
Asturias,Asturias,Felechosa,Apart. Rural Felechosa,43.1046357,-5.5099027
Asturias,Asturias,Gijón,Hotel Los Campones,43.5308001,-5.6954975
Asturias,Asturias,Gijón,Apartamentos Capua,43.5410016,-5.658303999999999
Asturias,Asturias,Gijón,Apartamentos Espronceda,43.5409677,-5.660327500000001
Asturias,Asturias,Gijón,Pensión Life Magenta,43.5351136,-5.6600978
Asturias,Asturias,Gijón,Hotel Oca Palacio de la Llorea,43.5177906,-5.5772889
Asturias,Asturias,Gijón,Pensión Belmonte,43.5476569,-5.702139799999999
Asturias,Asturias,Grandas de Salime,Pensión A Reigada,43.21689970000001,-6.8751636
Asturias,Asturias,Lugones,Pensión Mencia,43.4048757,-5.807388899999999
Asturias,Asturias,Muros de Nalón,"Apart. Rural, CA y Albergue La Huerta de Mingacho",43.5474859,-6.099018399999999
Asturias,Asturias,Navelgas,Pensión Casa Sole,43.4046538,-6.543024
Asturias,Asturias,Navia,Pensión San Francisco,43.5383916,-6.7235312
Asturias,Asturias,Oviedo,Apartamentos Clarín,43.3648278,-5.8452129
Asturias,Asturias,Oviedo,Hotel Oca Santo Domingo Plaza,43.3587672,-5.8384462
Asturias,Asturias,Oviedo,Pensión Australia,43.3657963,-5.8516222
Asturias,Asturias,Oviedo,Pensión Oviedo,43.3658429,-5.8543834
Asturias,Asturias,San Cristóbal de Entrevina,Apartamentos Arias&Buria,43.565093,-5.949427
Asturias,Asturias,Santa María del Mar,Camping Las Gaviotas,43.5724508,-6.0004864
Asturias,Asturias,Santa María del Mar,Apartamentos Marina,43.5713889,-6.0002778
Asturias,Asturias,Villayón,Hotel El Torneiro,43.449873,-6.706391
Canarias,El Hierro,Valverde,Aptos. Boomerang,27.824778,-17.894147
Canarias,Fuerteventura,Antigua,Apartamentos Caleta Dorada,28.3972793,-13.8667708
Canarias,Fuerteventura,Puerto del Rosario,Hostal Tamasite,28.4986599,-13.8590252
Canarias,Fuerteventura,,Bungalows Fuertesol,28.3966473,-13.8652014
Canarias,La Gomera,Hermigua,Aptos. Los Telares,28.1516548,-17.1980055
Canarias,Lanzarote,Costa Teguise,Apartamentos El Guarapo,28.9958221,-13.4951898
Canarias,Lanzarote,Teguise,Bungalows Playa Famara,29.1141456,-13.5481321
Canarias,Las Palmas,Las Palmas de Gran Canaria,Hotel Cordial Vista Acuario,28.14887,-15.426886
Canarias,Las Palmas,Tauro (Mogán),Anfi Emerald Club,27.8038264,-15.7161151
Canarias,Tenerife,Arona,Aparthotel Marisol ,28.049941,-16.707685
Canarias,Tenerife,Costa Adeje,Aparthotel Lagos de Fañabe,28.0866278,-16.7357182
Canarias,Tenerife,Costa Adeje,Aparthotel Los Olivos,28.087763,-16.736862
Canarias,Tenerife,Costa Adeje,Aparthotel Santa María,28.081521,-16.732458
Canarias,Tenerife,Santa Cruz de Tenerife​,Apartamentos Brujas,28.4650046,-16.2668909
Cantabria,Santander,Galizano,Apartamentos Playa de Galizano,43.4752563,-3.6729437
Cantabria,Santander,Gornazo,El Mirador de Gornazo,43.4073572,-3.9881957
Cantabria,Santander,Guarnizo,Bahía de Boo,43.403468,-3.830688
Cantabria,Santander,Hoznayo,Los Pasiegos,43.3884565,-3.6890044
Cantabria,Santander,Noja,Apartamentos Pineda,43.4929804,-3.5243165
Cantabria,Santander,Ruente,Posada Casona de Ucieda,43.25874,-4.246147
Cantabria,Santander,"Ruiseñada, Comillas",Apartamentos Corona,43.3608846,-4.283575799999999
Cantabria,Santander,Santander,Estudios Aránzazu,43.4600841,-3.8223936
Cantabria,Santander,Santander,Apartamentos Villa Chusi,43.46230569999999,-3.8099803
Cantabria,Santander,Santillana del Mar,Las Casitas de Santillana,43.3914238,-4.0956603
Cantabria,Santander,Santoña,Apartamentos La Tortuga,43.4408339,-3.4548545
Cantabria,Santander,Soto de la Marina,Apartamentos Costa Quebrada,43.4677546,-3.8926252
Cantabria,Santander,Torrelavega,Hotel Isla de Cuba,43.3444317,-4.0354258
Cantabria,Santander,Torrelavega,Hotel Marqués de Santillana,43.347061,-4.050663999999999
Cantabria,Santander,Torrelavega,Hotel Regio,43.3538045,-4.0472318
Cantabria,Santander,Torrelavega,Pensión La Principal,43.3627482,-4.0464505
Castilla-La Mancha,Albacete,Albacete,Hostal Restaurante Las Perdices,38.95708,-1.95387
Castilla-La Mancha,Albacete,Albacete,Hotel Universidad,38.9786606,-1.8520451
Castilla-La Mancha,Albacete,Villarrobledo,Bodegas y Viñedos El Castillo Villarrobledo,39.2440499,-2.6234579
Castilla-La Mancha,Ciudad Real,Alcázar de San Juan,Hotel Hidalgo Quijada,39.3944866,-3.2109938
Castilla-La Mancha,Ciudad Real,Alcázar de San Juan,Hotel Intur,39.3874128,-3.225531
Castilla-La Mancha,Ciudad Real,Alcázar de San Juan,Hostal Welcome2 Alcázar,39.3874128,-3.225531
Castilla-La Mancha,Ciudad Real,Alcázar de San Juan,Hotel Ínsula Barataria,39.38758240000001,-3.2313823
Castilla-La Mancha,Ciudad Real,Alcázar de San Juan,Apartamentos Los Ángeles,39.3929763,-3.2171634
Castilla-La Mancha,Ciudad Real,Argamasilla de Calatrava,Complejo Hotelero Escuderos,38.72004159999999,-4.0882706
Castilla-La Mancha,Ciudad Real,Carrión de Calatrava,Hotel Rtte. Casa Pepe,39.0122711,-3.8301026
Castilla-La Mancha,Ciudad Real,Ciudad Real,Casa Rural Las Melias,39.0235121,-3.920312899999999
Castilla-La Mancha,Ciudad Real,Ciudad Real,Hostal La Frasca,38.9894843,-3.9259574
Castilla-La Mancha,Ciudad Real,Ciudad Real,Hotel NH Ciudad Real,38.9824469,-3.9317866
Castilla-La Mancha,Ciudad Real,Ciudad Real,Hotel Parque Real,38.97662770000001,-3.9378395
Castilla-La Mancha,Ciudad Real,Puertollano,Hotel Cabañas,38.6956604,-4.1085742
Castilla-La Mancha,Ciudad Real,Tomelloso,Hostal de Violeta,39.1634385,-3.0071464
Castilla-La Mancha,Ciudad Real,Tomelloso,Hotel Núñez,39.163684,-3.0159091
Castilla-La Mancha,Ciudad Real,Valdepeñas,Hotel Entreviñas,38.75757,-3.3881694
Castilla-La Mancha,Guadalajara,Cabanillas del Campo,Hotel Torcal,40.6183333,-3.2041667
Castilla-La Mancha,Guadalajara,Guadalajara,Hotel Iris Guadalajara,40.6266667,-3.1897222
Castilla-La Mancha,Toledo,Illescas,Hotel Real,40.1246681,-3.8494882
Castilla y León,Ávila,Arenas de San Pedro,Hostal Avenida,40.208824,-5.079744
Castilla y León,Ávila,Ávila,Hotel Cuatro Postes,40.662014,-4.7121353
Castilla y León,Ávila,Piedralaves,Hostal Mainz,40.3159137,-4.7011008
Castilla y León,Burgos,Burgos,Hotel Centro Los Braseros Burgos,42.3429139,-3.6988167
Castilla y León,Burgos,Burgos,Hostal Sotopalacios,42.4332657,-3.681746
Castilla y León,León,Astorga,Hotel Astur Plaza,42.4544105,-6.053164900000001
Castilla y León,León,León,Hotel Tryp León,42.6075651,-5.581284399999999
Castilla y León,Palencia,Guardo,Hotel La Montaña Palentina,42.8025027,-4.8492107
Castilla y León,Palencia,Magaz de Pisuerga,Hostal Ceres,41.9828334,-4.427323599999999
Castilla y León,Palencia,Palencia,Hotel Alda Centro,42.0134833,-4.5347544
Castilla y León,Palencia,Santa María La Real,Aparthotel Dceres,42.723056,-4.2747321
Castilla y León,Salamanca,Salamanca,Hotel Gabriel y Galán,40.9701976,-5.662083
Castilla y León,Salamanca,Santa Marta,Hostal Caserón,40.9500466,-5.6293058
Castilla y León,Segovia,Cantalejo,Hostal Stop,41.2588316,-3.923726
Castilla y León,Segovia,Madrona,Hostal Soto Palacio,40.8977707,-4.1718743
Castilla y León,Segovia,Sanchonuño,Hostal Mallorca,41.3305185,-4.3053957
Castilla y León,Segovia,Segovia,Apartamentos Real Segovia,40.9487153,-4.1219115
Castilla y León,Segovia,Segovia,Hostería Natura,40.9501524,-4.1216795
Castilla y León,Segovia,Valverde del Majano,Hotel La Trébede,40.9639256,-4.205693
Castilla y León,Soria,Arcos de Jalón,Hotel Arcojalón,41.2174173,-2.2908248
Castilla y León,Soria,Ólvega,Hostal Los Infantes-Ólvega,41.7781222,-1.9860235
Castilla y León,Soria,San Esteban de Gormaz,Hotel Rivera del Duero,41.57270949999999,-3.2017616
Castilla y León,Soria,Soria,Hotel Alda Ciudad de Soria,41.7697411,-2.4780798
Castilla y León,Soria,Soria,Hostal R. Alda Río Duero,41.7665972,-2.4790306
Castilla y León,Soria,Soria,Hostal Alvi,41.7636726,-2.4678512
Castilla y León,Soria,Valdeavellano de Tera,Casa Rural Arrabal de Valdeavellano,41.9430859,-2.5779507
Castilla y León,Valladolid,Medina de Rioseco,Hotel Vittoria Colonna,41.88346689999999,-5.0454297
Castilla y León,Valladolid,Medina del Campo,Hotel Balneario Palacio de las Salinas,41.2691804,-4.931197
Castilla y León,Valladolid,Medina del Campo,Hotel Residencia La Mota,41.311747,-4.912523
Castilla y León,Valladolid,Valladolid,Hostal Lima,41.6478718,-4.7192593
Castilla y León,Valladolid,Valladolid,Hostal de la Torre,41.6497906,-4.7280105
Castilla y León,Valladolid,Valladolid,Hotel Astorga,41.645768,-4.723021999999999
Castilla y León,Zamora,Castro de Sanabria,Hotel Meleiros,42.061046,-6.6421792
Castilla y León,Zamora,Fermoselle,Hostal Arribes del Duero,41.3192258,-6.398967900000001
Castilla y León,Zamora,Fermoselle,Casa Rural Dos Aguas Arribes,41.3185504,-6.399018499999999
Castilla y León,Zamora,Peñausende,Casa Rural La Becerra,41.2879246,-5.8684637
Cataluña,Barcelona,Barcelona,Atenea Barcelona Aparthotel,41.3863149,2.1293222
Cataluña,Barcelona,Barcelona,Ronda Lesseps,41.408794,2.147937
Cataluña,Barcelona,Barcelona,Hotel SB Zero,41.4120243,2.2194754
Cataluña,Barcelona,Barcelona,Generator Barcelona,41.3991278,2.1625306
Cataluña,Barcelona,Barcelona,Continental Palacete,41.3896931,2.1657272
Cataluña,Barcelona,Barcelona,Hotel NH Sants Barcelona,41.384591,2.1378107
Cataluña,Barcelona,Castelldefels,Hotel Flora Parc,41.2859933,1.9863368
Cataluña,El Prat de Llobregat,El Prat de Llobregat,Salles Hotel Ciutat del Prat,41.3251013,2.0870544
Cataluña,Girona,Figueras,El Travé,42.2625,2.9527778
Cataluña,Girona,Girona,Hotel Europa,41.978508,2.819143
Cataluña,Girona,La Junquera,Hotel Nacional,42.4221649,2.870765
Cataluña,Salou,Salou,Apartamento Los Peces,41.0758556,1.1451824
Cataluña,Sant Julià de Ramis,Sant Julià de Ramis,Hotel Palau de Girona,42.0222282,2.8246651
Cataluña,Barcelona,Barcelona,Hotel Torres,41.3999262,2.1300919
Cataluña,Puigcerdà,Puigcerdà,Hotel Terminus,42.4296951,1.9254166
Cataluña,Tarragona,Tarragona,Hotel SB Ciutat de Tarragona,41.1186291,1.2446798
Cataluña,Tortosa (Tarragona),Tortosa (Tarragona),Hotel SB Corona de Tortosa,40.8165146,0.5129871
Ceuta,Ceuta,Ceuta,EA Hostal,35.889235,-5.303151199999999
Ceuta,Ceuta,Ceuta,Ulises Hotel Ceuta,35.887429,-5.3099263
Comunidad Valenciana,Alicante,Alicante,Alicante Hills,38.3137087,-0.5201926
Comunidad Valenciana,Alicante,Alicante,Apartamentos El Plantío Golf Resort,38.3107262,-0.5440277
Comunidad Valenciana,Alicante,Guardamar del Segura,Apartamentos Europa House Sun Beach,38.0958866,-0.6617526
Comunidad Valenciana,Castellón,Castellón,Hotel Real de Castelló,39.9844633,-0.03976789999999999
Comunidad Valenciana,Valencia,Cullera,Hotel Imperial,39.1659119,-0.2451139
Comunidad Valenciana,Valencia,Cullera,Hotel Imperial II,39.1659119,-0.2451139
Comunidad Valenciana,Castellón,Vila Real,Hotel Azul,39.9270261,-0.1051479
Comunidad Valenciana,Valencia,Valencia,NH Colon,39.46844590000001,-0.3724482
Extremadura,Badajoz,Acedera,Hotel Acueducto,39.0772079,-5.5757542
Extremadura,Badajoz,Azuaga,Hostal Jiménez,38.26117869999999,-5.677763199999999
Extremadura,Badajoz,Badajoz,Hotel Mercure Río,38.8838499,-6.984648699999999
Extremadura,Badajoz,Llerena,Hotel Isur,38.243374,-6.014556
Extremadura,Badajoz,Mérida,Hotel Romero,38.8597222,-6.3647222
Extremadura,Badajoz,Monesterio,Hotel Leo,38.0936472,-6.2760386
Extremadura,Badajoz,Ribera del Fresno,Hotel Bodega El Moral,38.4763204,-6.2642093
Extremadura,Badajoz,Zafra,Hotel Huerta Honda,38.425031,-6.416599
Extremadura,Cáceres,Belvis de Monroy,Hotel Alonso de Monroy,39.8516584,-5.628982
Extremadura,Cáceres,Cáceres,Hotel Extremadura,39.4694147,-6.384556099999999
Extremadura,Cáceres,Carcaboso,Hostal Ciudad de Cáparra,40.0492019,-6.214638799999999
Extremadura,Cáceres,Ceclavín,Aptos. La Borrasca,39.8222392,-6.7732986
Extremadura,Cáceres,Millanes,Apto. Rural La Enramá del Cerrillo,39.8506592,-5.5824997
Extremadura,Cáceres,Navalmoral de la Mata,Hotel Moya,39.8959556,-5.543558099999999
Extremadura,Cáceres,Plasencia,La Despensa de Extremadura,40.0128403,-6.1069722
Galicia,A Coruña,A Coruña,EurostarsBlue,43.3661111,-8.4086111
Galicia,A Coruña,A Coruña,Brial,43.335413,-8.3764261
Galicia,A Coruña,Boiro,Jopi-2,42.6483715,-8.8804658
Galicia,A Coruña,Arteixo,Hotel Alix,43.3155556,-8.4938889
Galicia,A Coruña,Culleredo,Hotel Siglo XXI,43.3028926,-8.4120487
Galicia,A Coruña,Ferrol,Carrís Almirante,43.486214,-8.2301342
Galicia,A Coruña,Ferrol,Hotel Alda El Suizo,43.48296939999999,-8.236495999999999
Galicia,A Coruña,Narón,Hotel Kensington,43.5165169,-8.1619125
Galicia,A Coruña,Sada,Marina Sada,43.3572013,-8.2484652
Galicia,A Coruña,Noia,Hotel Restaurante-Pesquería El Tambre,42.8359134,-8.8492742
Galicia,A Coruña,Santiago de Compostela,Hotel Congreso,42.8360822,-8.5465261
Galicia,A Coruña,Santiago de Compostela,Hotel Concheiros,42.8834957,-8.5339742
Galicia,A Coruña,Santiago de Compostela,Oca Puerta del Camino,42.8840662,-8.5131386
Galicia,A Coruña,Santiago de Compostela,Eurostars Gran Hotel Santiago,42.8849097,-8.5047587
Galicia,Lugo,Lugo Ciudade,Eurostars Gran Hotel,43.0112536,-7.5507382
Galicia,Lugo,Monforte de Lemos,Hotel Ribeira Sacra,42.519601,-7.514202
Galicia,Lugo,Monforte de Lemos,Conde de Lemos,42.5301564,-7.5037211
Galicia,Ourense,Boborás,Pazo da Almuzara,42.438177,-8.13605
Galicia,Ourense,Celanova,Hotel Celanova,42.1532444,-7.956474299999999
Galicia,Ourense,Ourense Cidade,Carris,42.342701,-7.861080899999999
Galicia,Ourense,Ourense Cidade,Euroestars Auriense,42.3157681,-7.8618041
Galicia,Ourense,Ourense Cidade,Barceló Ourense,42.3421183,-7.864235300000001
Galicia,Ourense,Couso,Hotel Alto do Couso,42.311652,-7.675370999999998
Galicia,Ourense,San Cibrao das Viñas,Miravalle,42.2511205,-7.8646241
Galicia,Ourense,Xinzo de Limia,Hotel Orly,42.0613955,-7.725713499999999
Galicia,Pontevedra,Campañó,Hotel Rural Campaniola,42.4639488,-8.665524999999999
Galicia,Pontevedra,Baiona,Hotel Arce,42.1133833,-8.8163248
Galicia,Pontevedra,Pontevedra,Galicia Palace,42.4272629,-8.641068599999999
Galicia,Pontevedra,Pontevedra,Room,42.4267486,-8.6377189
Galicia,Pontevedra,Vigo,Alda Estación // Apartamentos,42.2351795,-8.7150908
Galicia,Pontevedra,Vigo,Bahía de Vigo,42.2401873,-8.7257071
Galicia,Pontevedra,Vigo,Hotel del Mar,42.2399406,-8.721027399999999
Galicia,Pontevedra,Vigo,Ciudad de Vigo,42.2401591,-8.7208165
Galicia,Pontevedra,Vigo,Eurostars Mar de Vigo,42.2314016,-8.7344735
Galicia,Pontevedra,Vigo,Occidental Vigo,42.2337976,-8.7127318
Galicia,Pontevedra,Catoira,Motel Ábalo,42.6544023,-8.7372072
Galicia,A Coruña,Carballo,Hostal Río Sil,43.2083981,-8.6907289
Galicia,A Coruña,A Coruña,Hostal Hotil A Coruña,43.3704775,-8.4001752
Galicia,A Coruña,A Coruña,Adelia,43.3563826,-8.4099597
Galicia,A Coruña,A Coruña,Crisol de la Ronda,43.3543718,-8.4098696
Galicia,A Coruña,As Pontes,Pensión Residencia Silvia,43.4446721,-7.850639999999999
Galicia,Lugo,Burela,Rompeolas,43.6636467,-7.3575325
Galicia,Lugo,Sarria,Casa Matías,42.7826126,-7.4163274
Galicia,Ourense,Manzaneda,O Pendón,42.3079378,-7.232135599999999
Galicia,Ourense,Verín,A Morada do Cigarrón,41.9426599,-7.43825
Galicia,Pontevedra,A Lanzada,A Lanzada,42.4282591,-8.870050299999999
Galicia,Ourense,A Gudiña,Pensión Oscar,42.06075,-7.1380199
Galicia,Pontevedra,Armenteira,Armenteira,42.4633045,-8.7419032
Islas Baleares,Formentera,Formentera,Hotel Illes Pitiüses,38.7061293,1.4572563
Islas Baleares,Ibiza,Ibiza,Apartamentos Duquesa Playa,38.9852139,1.5366361
Islas Baleares,Ibiza,Playa d'en Bossa,Apartamentos Bonsol,38.893948,1.4086133
Islas Baleares,Ibiza,Sant Antonio de Portmany,Apartamentos San Francisco,38.9835193,1.3004416
Islas Baleares,Ibiza,Sant Antonio de Portmany,Apartamentos Venus,38.9797977,1.3070469
Islas Baleares,Mallorca,Palma de Mallorca,Catalonia Majorica,39.5560864,2.6223581
Islas Baleares,Menorca,Ciutadella de Menorca,Menurka,39.9990786,3.8389415
Islas Baleares,Menorca,Mahón,Apartamentos Royal Life,39.887119,4.272629999999999
Islas Baleares,Menorca,Sant Lluis,Prima Sud Suites,39.8119743,4.2762677
Islas Baleares,Mallorca,Colonia de Sant Jordi,Bo,39.3172741,2.993808
Islas Baleares,Mallorca,Palma,Son Mas,39.5281481,3.2798404
Islas Baleares,Mallorca,Porreres,Cas Guitarro,39.5148577,3.0238803
Islas Baleares,Mallorca,Sencelles,Ca Na Pereta,39.5678412,3.2097012
Islas Baleares,Mallorca,Valldemossa,Macarena's House,39.7105556,2.6227778
La Rioja,Logroño,Hormilla,Hotel Hormilla,42.4313294,-2.7629383
La Rioja,Logroño,Logroño,Apartamentos Sercotel Logroño Suites,42.4617015,-2.4516859
La Rioja,Logroño,Logroño,Apartamentos Sagasta,42.4670117,-2.4467262
La Rioja,Logroño,Logroño,Hostal Rioja Condestable,42.4632332,-2.4437699
Madrid,Madrid,Becerril de La Sierra,Hotel Las Gacelas,40.7109458,-3.9941415
Madrid,Madrid,Las Matas,Hotel Apartahotel Las Matas Tartesos,40.5316912,-3.8906979
Madrid,Madrid,Las Rozas,Apartamentos TH Las Rozas,40.4843071,-3.8565855
Madrid,Madrid,Madrid,Apartahotel Jardines de Sabatini,40.4209608,-3.7149143
Madrid,Madrid,Madrid,NH Barajas,40.4509901,-3.5949842
Madrid,Madrid,Madrid,Tryp Alameda,40.469134,-3.580105
Madrid,Madrid,Madrid,Tryp Madrid Airport Suites,40.4455692,-3.5436074
Madrid,Madrid,Madrid,VP Madroño,40.43513129999999,-3.676565499999999
Madrid,Madrid,Madrid,Hotel Sancho,40.4001083,-3.6943285
Madrid,Madrid,Madrid,VP Jardín de Recoletos,40.422314,-3.689194
Madrid,Madrid,Madrid,Apartamentos Turísticos Compostela Suites,40.4475675,-3.5803134
Madrid,Madrid,Madrid,Apartamentos Suites Aeropuerto,40.446193,-3.5829454
Madrid,Madrid,Madrid,Apartamentos Goya 75,40.4251403,-3.6789229
Madrid,Madrid,Madrid,Apartamentos Suites Florida,40.44906659999999,-3.5826057
Madrid,Madrid,Madrid,Colegio Mayor Argentino,40.43583330000001,-3.7316667
Madrid,Madrid,Madrid,Hostal Madrid Centro,40.4164744,-3.6991673
Madrid,Madrid,Pinto,Apartamentos Plaza de Santiago,40.24566859999999,-3.7003307
Madrid,Madrid,Madrid,Apartamentos TH Aravaca,40.4638889,-3.7991667
Madrid,Madrid,Madrid,Apartamentos TH La Florida,40.467844,-3.8007127
Murcia,Murcia,Águilas,Hostal Isla del Fraile,37.41811209999999,-1.5552504
Murcia,Murcia,Cartagena,Hotel Los Habaneros,37.6035031,-0.9788112999999999
Murcia,Murcia,Murcia,Hotel El Churra,37.9929445,-1.1283315
Murcia,Murcia,Puerto Lumbreras,Hotel Riscal,37.575918,-1.801877
Murcia,Murcia,San Pedro de Pinatar,Apartamentos Apartahotel Bahía,37.8243019,-0.7859748999999999
Navarra,Navarra,Buñuel,Restaurante Plaza-Hostal Villa de Buñuel,41.9805025,-1.4454533
Navarra,Navarra,Burlada,AH San Fermín Pamplona,42.8309348,-1.6195829
Navarra,Navarra,Larraga,Hotel Asador El Castillo,42.559833,-1.847141
Navarra,Navarra,Marcilla,Villamarcilla,42.3344529,-1.7190236
Navarra,Navarra,Noáin,Izaga,42.773643,-1.6363909
Navarra,Navarra,Pamplona,Hostal Acella 4,42.8064919,-1.6630635
Navarra,Navarra,Pamplona,Landaben,42.81027599999999,-1.6864782
Navarra,Navarra,Pamplona,Mesón del Barro III,42.8061391,-1.6627147
Navarra,Navarra,Villafranca,Bardenas,42.2632791,-1.7388917
País Vasco,Alava,Vitoria,Apartamentos Diván,42.8615629,-2.6939068
País Vasco,Alava,Vitoria,Apartamentos Irenaz,42.8651648,-2.6951639
País Vasco,Alava,Vitoria,Gran Hotel Lakua,42.8690225,-2.6894768
País Vasco,Alava,Vitoria,Hotel Hito,42.8434576,-2.6739487
País Vasco,Bizkaia,Basauri,Hostal Ariz,43.2354232,-2.8823781
País Vasco,Bizkaia,Bilbao,Abba Suites Bilbao City Center,43.2674988,-2.9270984
País Vasco,Bizkaia,Bilbao,Apartamentos Turísticos Santiago,43.2613053,-2.9363872
País Vasco,Bizkaia,Bilbao,Gran Hotel Domine,43.26722220000001,-2.9338889
País Vasco,Bizkaia,Bilbao,NIX Hotel Bilbao,43.2594755,-2.923695
País Vasco,Bizkaia,Bilbao,Bilbao Centric Apartment 1,43.2649746,-2.9342613
País Vasco,Bizkaia,Bilbao,Hotel Arriaga,43.2590286,-2.9253206
País Vasco,Bizkaia,Bilbao,Pensión de la Fuente,43.2585408,-2.923354
País Vasco,Bizkaia,Gernika-Lumo,Hotel Boliña,43.315052,-2.6773448
País Vasco,Bizkaia,Munguia,Hotel Palacio Urgoiti,43.3219818,-2.8662766
País Vasco,Bizkaia,Muskiz,Apartamentos Mugarri,43.345284,-3.126377
País Vasco,Bizkaia,Zierbena,Apartamentos La Arena,43.3484635,-3.1122639
País Vasco,Guipúzcoa,Astigarraga,Pensión Astigarraga,43.2735907,-1.9533641
País Vasco,Guipúzcoa,Beasain,Casa Rural Pagorriaga,43.1009374,-2.2150662
País Vasco,Guipúzcoa,Elgeta,Casa Rural Eguskitza,43.1426635,-2.487828
País Vasco,Guipúzcoa,Eskoriatza,Gorosarri Landetxea,42.9946006,-2.5630693
País Vasco,Guipúzcoa,Getaria,Pensión Iribar,43.3041221,-2.2035101
País Vasco,Guipúzcoa,Hernani,Arrobi Ostatua,43.2669466,-1.981504
País Vasco,Guipúzcoa,Irún,Hotel Alcázar Irún Centro Ciudad,43.3413696,-1.7905038
País Vasco,Guipúzcoa,Legazpi,Hostal Mauleon,43.05185660000001,-2.3321811
País Vasco,Guipúzcoa,Lezo,Casa Rural Endara,43.3276262,-1.8681672
País Vasco,Guipúzcoa,Mutriku,Casa Rural Pikua,43.300704,-2.375706
País Vasco,Guipúzcoa,Oñati,Hotel Torre Zumeltzegi,43.0349998,-2.4128823
País Vasco,Guipúzcoa,San Sebastián,Pensión Legazpi,43.321846,-1.9822997
País Vasco,Guipúzcoa,San Sebastián,Atotxa Rooms,43.3180771,-1.9758821
País Vasco,Guipúzcoa,San Sebastián,Hotel Arrizul Beach*,43.3239639,-1.9780111
País Vasco,Guipúzcoa,San Sebastián,Hotel Distrito Oeste,43.3060448,-2.0058739
País Vasco,Guipúzcoa,San Sebastián,Irenaz Apartamentos,43.2893198,-1.9904391
País Vasco,Guipúzcoa,Usurbil,Hotel Atxega Jaureguia,43.2711227,-2.0539978
País Vasco,Guipúzcoa,Zarautz,Museum Zarautz Apartamentuak,43.2844651,-2.1778081
País Vasco,Guipúzcoa,Zarautz,Lazkano-Enea,43.0329906,-2.1695855
