Provincia,Municipio,Nivel Funcional,Carretera,PKI,PKF,Sentido
A Coruña,Coirós,Autopista Libre \ Autovía,A-6,"563,63","563,71",Ascendente
A Coruña,Santiago de Compostela,Autopista Peaje,AP-53,"28,24","27,66",Descendente
A Coruña,Santiago de Compostela,Autopista Peaje,AP-53,"27,66","28,24",Ascendente
A Coruña,Curtis,Carretera Convencional,N-634,"671,86","672,08",Convencional
A Coruña,Coirós,Autopista Libre \ Autovía,A-6,"563,76","563,88",Descendente
A Coruña,Betanzos,Autopista Peaje,AP-9,"17,6","18,09",Ascendente
A Coruña,Betanzos,Autopista Peaje,AP-9,"18,72","18,26",Descendente
A Coruña,Santiago de Compostela,Autopista Peaje,AP-9,"60,47","60,94",Ascendente
A Coruña,Santiago de Compostela,Autopista Peaje,AP-9,"60,42","59,91",Descendente
A Coruña,Melide,Carretera Convencional,N-547,"43,27","43,42",Convencional
A Coruña,Melide,Carretera Convencional,N-547,"51,42","51,55",Descendente
A Coruña,O Pino,Carretera Convencional,N-547,"78,76","78,96",Descendente
A Coruña,O Pino,Carretera Convencional,N-547,"80,32","80,5",Ascendente
A Coruña,Ordes,Carretera Convencional,N-550,"26,02","26,08",Convencional
A Coruña,Ordes,Carretera Convencional,N-550,"22,47","22,63",Convencional
A Coruña,Ordes,Carretera Convencional,N-550,"23,44","23,66",Convencional
A Coruña,Aranga,Carretera Convencional,N-6,"560,02","560,06",Convencional
A Coruña,Aranga,Carretera Convencional,N-6,"560,19","560,23",Convencional
A Coruña,Curtis,Carretera Convencional,N-634,"668,21","668,31",Convencional
A Coruña,Betanzos,Carretera Convencional,N-651,"2,98","3,03",Convencional
Albacete,La Gineta,Autopista Libre \ Autovía,A-31,"58,2","58,7",Ascendente
Albacete,Albacete,Carretera Convencional,N-322,"373,07","373,34",Convencional
Alicante/Alacant,Elche/Elx,Autopista Libre \ Autovía,A-70,24,"23,39",Descendente
Alicante/Alacant,Pilar de la Horadada,Carretera Convencional,N-332,"43,69","43,89",Convencional
Alicante/Alacant,Elche/Elx,Carretera Convencional,N-340,"733,11","733,25",Convencional
Araba/Álava,Amurrio,Autopista Peaje,AP-68,"26,15","26,38",Ascendente
Araba/Álava,Amurrio,Autopista Peaje,AP-68,"24,55","24,3",Descendente
Araba/Álava,Kuartango,Autopista Peaje,AP-68,"47,16","47,62",Ascendente
Araba/Álava,Kuartango,Autopista Peaje,AP-68,"47,4","47,03",Descendente
Araba/Álava,Armiñón,Autopista Peaje,AP-68,"63,5",64,Ascendente
Araba/Álava,Armiñón,Autopista Peaje,AP-68,"64,07","63,59",Descendente
Asturias,Ribadesella,Carretera Convencional,N-634,"327,086","327,186",Convencional
Asturias,Cudillero,Autopista Libre \ Autovía,A-8,"445,14","445,54",Ascendente
Asturias,Castropol,Autopista Libre \ Autovía,A-8,"505,18","505,29",Ascendente
Asturias,Castropol,Autopista Libre \ Autovía,A-8,"505,02","505,11",Descendente
Asturias,Lena,Autopista Peaje,AP-66,"76,12","76,38",Ascendente
Asturias,Lena,Autopista Peaje,AP-66,"81,23","81,02",Descendente
Asturias,Cangas de Onís,Carretera Convencional,N-625,"161,97","162,07",Convencional
Asturias,Parres,Carretera Convencional,N-625,"157,785","157,85",Convencional
Asturias,Castropol,Carretera Convencional,N-640,"9,28","9,44",Convencional
Asturias,Llanes,Carretera Convencional,N-634,"286,13","286,18",Convencional
Badajoz,Nogales,Carretera Convencional,N-432,"33,67","33,94",Convencional
Badajoz,Zafra,Carretera Convencional,N-432,"66,97","67,37",Convencional
Badajoz,Azuaga,Carretera Convencional,N-432,"136,65","137,1",Convencional
Badajoz,Valle de Matamoros,Carretera Convencional,N-435,"64,08","64,25",Convencional
Badajoz,Monesterio,Carretera Convencional,N-630,"738,23","738,42",Convencional
Barcelona,Castellví de Rosanes,Autopista Peaje,AP-7N,"173,67","173,37",Descendente
Barcelona,Subirats,Autopista Peaje,AP-7N,"181,185","181,5",Ascendente
Barcelona,Subirats,Autopista Peaje,AP-7N,"181,475","181,125",Descendente
Barcelona,Castellví de Rosanes,Autopista Peaje,AP-7N,"173,84","174,195",Ascendente
Barcelona,Llinars del Vallès,Autopista Peaje,AP-7N,"122,22","121,825",Descendente
Barcelona,Vallgorguina,Autopista Peaje,AP-7N,"112,595","113,07",Ascendente
Barcelona,Sant Celoni,Autopista Peaje,AP-7N,"106,875","107,46",Ascendente
Barcelona,Sant Celoni,Autopista Peaje,AP-7N,"106,94","106,475",Descendente
Barcelona,Sant Celoni,Autopista Peaje,AP-7N,"100,535","100,115",Descendente
Barcelona,Sant Celoni,Autopista Peaje,AP-7N,"99,975","100,34",Ascendente
Barcelona,Llinars del Vallès,Autopista Peaje,AP-7N,"121,69","122,24",Ascendente
Bizkaia,Arakaldo,Autopista Peaje,AP-68,"11,62","12,03",Ascendente
Bizkaia,Arakaldo,Autopista Peaje,AP-68,"12,01","11,72",Descendente
Burgos,Valle de Sedano,Carretera Convencional,N-623,"51,14","51,19",Ascendente
Burgos,Valle de Sedano,Carretera Convencional,N-623,"55,82","55,82",Ascendente
Burgos,Valle de Sedano,Carretera Convencional,N-623,"57,84","57,93",Descendente
Burgos,Valle de Valdebezana,Carretera Convencional,N-623,"83,46","83,46",Descendente
Burgos,Merindad de Montija,Carretera Convencional,N-629,"44,9","45,28",Descendente
Burgos,Merindad de Montija,Carretera Convencional,N-629,"45,4","45,57",Ascendente
Burgos,Monasterio de Rodilla,Autopista Libre \ Autovía,AP-1,"23,5","23,73",Ascendente
Burgos,Santa Olalla de Bureba,Autopista Libre \ Autovía,AP-1,"24,13","23,9",Descendente
Burgos,Grisaleña,Autopista Libre \ Autovía,AP-1,"45,62","45,98",Ascendente
Burgos,Grisaleña,Autopista Libre \ Autovía,AP-1,"44,66","44,28",Descendente
Burgos,Pancorbo,Autopista Libre \ Autovía,AP-1,"55,18","55,44",Ascendente
Burgos,Santa María Rivarredonda,Autopista Libre \ Autovía,AP-1,"53,86","53,64",Descendente
Burgos,Miranda de Ebro,Autopista Libre \ Autovía,AP-1,"75,42","75,68",Ascendente
Burgos,Miranda de Ebro,Autopista Libre \ Autovía,AP-1,"76,58","76,33",Descendente
Burgos,Tubilla del Agua,Carretera Convencional,N-623,"47,72","47,82",Descendente
Burgos,Tubilla del Agua,Carretera Convencional,N-623,47,"47,16",Ascendente
Burgos,Tubilla del Agua,Carretera Convencional,N-623,"44,3","44,5",Ascendente
Burgos,Tubilla del Agua,Carretera Convencional,N-623,"45,72","45,8",Ascendente
Burgos,Madrigal del Monte,Autopista Libre \ Autovía,A-1,"215,7","215,9",Ascendente
Burgos,Cogollos,Autopista Libre \ Autovía,A-1,"220,06","219,9",Descendente
Burgos,Villaldemiro,Autopista Libre \ Autovía,A-62,"26,88","27,633",Ascendente
Burgos,Villaldemiro,Autopista Libre \ Autovía,A-62,"27,57","26,867",Descendente
Burgos,Monasterio de Rodilla,Carretera Convencional,N-1,"258,68","259,8",Convencional
Burgos,Monasterio de Rodilla,Carretera Convencional,N-1,"263,21","263,36",Ascendente
Burgos,Pancorbo,Carretera Convencional,N-1,"306,71","307,06",Convencional
Burgos,Santa Olalla de Bureba,Carretera Convencional,N-1,"264,83","265,01",Ascendente
Burgos,Pancorbo,Carretera Convencional,N-1,"305,11","305,32",Descendente
Burgos,Valle de Valdebezana,Carretera Convencional,N-232,"566,33","567,08",Ascendente
Burgos,Salas de los Infantes,Carretera Convencional,N-234,439,439,Descendente
Burgos,Tubilla del Agua,Carretera Convencional,N-623,"43,05","43,3",Ascendente
Burgos,Villafranca Montes de Oca,Carretera Convencional,N-120,"83,75",84,Descendente
Cantabria,Ribamontán al Monte,Autopista Libre \ Autovía,A-8,"190,15","190,77",Ascendente
Cantabria,Ribamontán al Monte,Autopista Libre \ Autovía,A-8,190,"189,583",Descendente
Cantabria,Penagos,Autopista Libre \ Autovía,A-8,"208,832","209,145",Ascendente
Cantabria,Penagos,Autopista Libre \ Autovía,A-8,"208,3","207,85",Descendente
Cantabria,Cabezón de la Sal,Autopista Libre \ Autovía,A-8,"247,3","246,91",Descendente
Castellón/Castelló,Segorbe,Autopista Libre \ Autovía,A-23,"23,05","23,61",Ascendente
Castellón/Castelló,Segorbe,Autopista Libre \ Autovía,A-23,"25,07","25,36",Ascendente
Castellón/Castelló,Sant Jordi/San Jorge,Carretera Convencional,N-232,"13,41","13,92",Convencional
Castellón/Castelló,Jérica,Carretera Convencional,N-234,"40,92","41,23",Convencional
Castellón/Castelló,Viver,Carretera Convencional,N-234,"46,32","46,46",Convencional
Castellón/Castelló,Barracas,Carretera Convencional,N-234,"61,74","62,19",Convencional
Castellón/Castelló,La Llosa,Carretera Convencional,N-340,"947,32","947,39",Convencional
Ciudad Real,Villarta de San Juan,Autopista Libre \ Autovía,A4,"141,934","142,099",Ascendente
Ciudad Real,Villarta de San Juan,Autopista Libre \ Autovía,A4,"142,099","141,934",Descendente
Ciudad Real,Valdepeñas,Autopista Libre \ Autovía,A4,"211,41","211,58",Ascendente
Ciudad Real,Manzanares,Carretera Convencional,N-310,"60,9","60,725",Convencional
Ciudad Real,Fuencaliente,Carretera Convencional,N-420,"108,57","109,67",Convencional
Ciudad Real,Luciana,Carretera Convencional,N-430,269,"269,185",Convencional
Ciudad Real,Brazatortas,Carretera Convencional,N-420,"137,6","137,73",Convencional
Ciudad Real,Daimiel,Carretera Convencional,N-430,"329,72","329,92",Convencional
Cuenca,Saelices,Autopista Libre \ Autovía,A-3,"98,778","99,516",Ascendente
Cuenca,Saelices,Autopista Libre \ Autovía,A-3,"99,48","98,868",Descendente
Cuenca,Pozoamargo,Autopista Libre \ Autovía,A-31,"23,359","23,681",Ascendente
Cuenca,Pozoamargo,Autopista Libre \ Autovía,A-31,"23,67","23,182",Descendente
Cuenca,El Provencio,Autopista Peaje,AP-36,"107,2","108,23",Ascendente
Cuenca,El Provencio,Autopista Peaje,AP-36,"107,98","106,97",Descendente
Cuenca,Casas de Haro,Autopista Peaje,AP-36,"139,73","140,47",Ascendente
Cuenca,Casas de Haro,Autopista Peaje,AP-36,"140,47","139,74",Descendente
Cáceres,Trujillo,Autopista Libre \ Autovía,A-5,"237,21","236,37",Descendente
Cáceres,Trujillo,Autopista Libre \ Autovía,A-5,"235,77","236,62",Ascendente
Cáceres,Baños de Montemayor,Autopista Libre \ Autovía,A-66,"427,27","427,27",Descendente
Cádiz,Vejer de la Frontera,Carretera Convencional,N-340,"24,85","25,3",Ascendente
Cádiz,San Roque,Autopista Libre \ Autovía,A-7,"116,2",116,Descendente
Córdoba,Luque,Carretera Convencional,N-432,350,"350,2",Descendente
Córdoba,Baena,Carretera Convencional,N-432a,"335,245","335,39",Ascendente
Córdoba,Baena,Carretera Convencional,N-432a,"336,13","336,3",Descendente
Córdoba,Santa Eufemia,Carretera Convencional,N-502,"332,115","332,475",Descendente
Córdoba,Santa Eufemia,Carretera Convencional,N-502,"332,475","332,6",Ascendente
Córdoba,Santa Eufemia,Carretera Convencional,N-502,"332,6","332,825",Descendente
Córdoba,Santa Eufemia,Carretera Convencional,N-502,"334,65","334,98",Descendente
Córdoba,Santa Eufemia,Carretera Convencional,N-502,"335,41","335,635",Ascendente
Córdoba,Villanueva del Duque,Carretera Convencional,N-502,"370,495","370,885",Ascendente
Córdoba,Alcaracejos,Carretera Convencional,N-502,"372,3","372,775",Descendente
Córdoba,Villanueva del Duque,Carretera Convencional,N-502,376,"376,32",Ascendente
Córdoba,Alcaracejos,Carretera Convencional,N-502,"379,68","381,055",Ascendente
Córdoba,Baena,Carretera Convencional,N-432,"327,675","327,82",Ascendente
Córdoba,Castro del Río,Carretera Convencional,N-432,"318,265","318,44",Descendente
Córdoba,Córdoba,Carretera Convencional,N-432,"279,14","279,44",Descendente
Córdoba,Córdoba,Autopista Libre \ Autovía,A-4,"411,05","411,335",Ascendente
Córdoba,Córdoba,Autopista Libre \ Autovía,A-4,"414,3","415,975",Descendente
Córdoba,Lucena,Autopista Libre \ Autovía,A-45,"50,998","51,864",Ascendente
Córdoba,Lucena,Autopista Libre \ Autovía,A-45,"50,998","51,864",Descendente
Córdoba,La Rambla,Carretera Convencional,N-331,24,"24,17",Ascendente
Córdoba,La Rambla,Carretera Convencional,N-331,"24,56","24,84",Ascendente
Córdoba,Fernán-Núñez,Carretera Convencional,N-331,"27,8","27,91",Descendente
Córdoba,Montilla,Carretera Convencional,N-331,"41,37","41,9",Descendente
Córdoba,Montilla,Carretera Convencional,N-331,"42,22","43,12",Ascendente
Córdoba,Encinas Reales,Carretera Convencional,N-331,"83,9",84,Descendente
Córdoba,Encinas Reales,Carretera Convencional,N-331,"87,85","88,07",Ascendente
Córdoba,Benamejí,Carretera Convencional,N-331,93,"93,37",Descendente
Córdoba,Monturque,Carretera Convencional,N-331,"63,56","63,77",Ascendente
Córdoba,Lucena,Carretera Convencional,N-331,"66,25","66,54",Ascendente
Córdoba,Espejo,Carretera Convencional,N-432,"311,18","311,276",Descendente
Córdoba,Montoro,Carretera Convencional,N-420,"52,36","52,86",Convencional
Girona,Capmany,Autopista Peaje,AP-7N,"10,94","11,86",Ascendente
Girona,Capmany,Autopista Peaje,AP-7N,"11,9","11,015",Descendente
Girona,Figueres,Autopista Peaje,AP-7N,"23,3","24,02",Ascendente
Girona,Figueres,Autopista Peaje,AP-7N,"23,95","23,625",Descendente
Girona,Vilademuls,Autopista Peaje,AP-7N,"46,57","46,195",Descendente
Girona,Aiguaviva,Autopista Peaje,AP-7N,"67,86","67,55",Descendente
Girona,Vilobí d'Onyar,Autopista Peaje,AP-7N,"75,9","76,205",Ascendente
Girona,Vilobí d'Onyar,Autopista Peaje,AP-7N,"76,09","75,785",Descendente
Girona,Maçanet de la Selva,Autopista Peaje,AP-7N,"91,985","92,34",Ascendente
Girona,Biure,Carretera Convencional,N-2,"766,7","766,88",Convencional
Girona,Agullana,Carretera Convencional,N-2,"771,9","772,01",Convencional
Granada,Gualchos,Carretera Convencional,N-340,"351,38","351,45",Ascendente
Granada,Gualchos,Carretera Convencional,N-340,"350,56","350,62",Ascendente
Granada,Gualchos,Carretera Convencional,N-340,"347,7","347,75",Ascendente
Granada,Motril,Carretera Convencional,N-340,"344,89","345,13",Convencional
Granada,Gualchos,Carretera Convencional,N-340,"345,82","345,91",Ascendente
Granada,Gualchos,Carretera Convencional,N-340,"346,96","347,07",Ascendente
Granada,Gualchos,Carretera Convencional,N-340,"348,38","348,45",Ascendente
Guadalajara,Torremocha del Campo,Autopista Libre \ Autovía,A-2,"116,8",115,Descendente
Guadalajara,Anquela del Ducado,Carretera Convencional,N-211,"59,35","59,5",Ascendente
Guadalajara,Molina de Aragón,Carretera Convencional,N-211,"33,34","33,45",Convencional
Huelva,Jabugo,Carretera Convencional,N-433,"107,73","107,54",Descendente
Huelva,Aroche,Carretera Convencional,N-433,"121,51","121,27",Descendente
Huelva,Rosal de la Frontera,Carretera Convencional,N-433,"149,83",150,Ascendente
Huelva,Rosal de la Frontera,Carretera Convencional,N-433,"150,05","149,87",Descendente
Huelva,Zufre,Carretera Convencional,N-433,"67,29","67,52",Descendente
Huelva,Almonaster la Real,Carretera Convencional,N-433,"111,03","111,16",Ascendente
Huelva,Rosal de la Frontera,Carretera Convencional,N-433,"143,99","144,11",Ascendente
Huelva,La Nava,Carretera Convencional,N-435,"119,4","119,52",Ascendente
Huelva,Almonaster la Real,Carretera Convencional,N-435,"137,09","137,22",Descendente
Huelva,Almonaster la Real,Carretera Convencional,N-435,"141,14","141,23",Descendente
Huelva,Almonaster la Real,Carretera Convencional,N-435,"150,56","150,75",Ascendente
Huelva,El Campillo,Carretera Convencional,N-435,"162,7","162,86",Descendente
Huelva,El Campillo,Carretera Convencional,N-435,"164,94","165,06",Ascendente
Huelva,Santa Olalla del Cala,Carretera Convencional,N-630,"738,361","738,588",Convencional
Huelva,Santa Olalla del Cala,Carretera Convencional,N-630,"746,205","746,365",Convencional
Huelva,Santa Olalla del Cala,Carretera Convencional,N-630,"748,536","748,855",Convencional
Huelva,Santa Olalla del Cala,Carretera Convencional,N-630,"754,44","755,125",Convencional
Huelva,Santa Olalla del Cala,Carretera Convencional,N-630,"755,529","755,823",Convencional
Huesca,Aisa,Carretera Convencional,N330-A,"674,37","674,47",Convencional
Huesca,Canfranc,Carretera Convencional,N330,"665,66","665,73",Convencional
Huesca,Puente de Montañana,Carretera Convencional,N-230,"91,67","91,88",Convencional
Huesca,Puente de Montañana,Carretera Convencional,N-230,"94,78","94,84",Convencional
Huesca,Arén,Carretera Convencional,N-230,"97,46","97,66",Convencional
Huesca,Sopeira,Carretera Convencional,N-230,111,"111,12",Convencional
Huesca,Castejón del Puente,Carretera Convencional,N-240,"150,97","151,19",Convencional
Huesca,Lascellas-Ponzano,Carretera Convencional,N-240,"181,55","181,6",Convencional
Huesca,Siétamo,Carretera Convencional,N-240,"196,02","196,21",Convencional
Huesca,Siétamo,Carretera Convencional,N-240,"196,02","196,26",Convencional
Huesca,Torla-Ordesa,Carretera Convencional,N260. Hoy N-260A,"483,92","483,95",Convencional
Huesca,Torla-Ordesa,Carretera Convencional,N260. Hoy N-260A,"483,92","483,95",Convencional
Huesca,Arguis,Carretera Convencional,N330,"596,7","596,85",Convencional
Huesca,Arguis,Carretera Convencional,N330,"597,04","597,4",Convencional
Huesca,Sabiñánigo,Carretera Convencional,N330,"612,68","612,94",Convencional
Huesca,Jaca,Carretera Convencional,N330,"649,08","649,3",Convencional
Huesca,Canfranc,Carretera Convencional,N330,"662,32","662,36",Convencional
Huesca,Puente de Montañana,Carretera Convencional,N-230,"91,41","91,67",Convencional
Huesca,Puente de Montañana,Carretera Convencional,N-230,"85,98","86,06",Convencional
Huesca,Tolva,Carretera Convencional,N-230,"77,62","77,72",Convencional
Huesca,Benabarre,Carretera Convencional,N-230,"61,85","62,05",Convencional
Huesca,Peñalba,Autopista Peaje,AP-2,"73,41","74,015",Ascendente
Huesca,Candasnos,Autopista Peaje,AP-2,91,"91,64",Ascendente
Huesca,Fraga,Autopista Peaje,AP-2,"106,94","107,66",Ascendente
Huesca,Torrente de Cinca,Autopista Peaje,AP-2,"107,7","107,05",Descendente
Huesca,Candasnos,Autopista Peaje,AP-2,"91,79","91,18",Descendente
Huesca,Peñalba,Autopista Peaje,AP-2,74,"73,39",Descendente
Huesca,Olvena,Carretera Convencional,N-123,"14,1","14,35",Convencional
Huesca,Olvena,Carretera Convencional,N-123,"16,78","16,91",Convencional
Huesca,Graus,Carretera Convencional,N-123a,"21,78","21,83",Convencional
Huesca,Candasnos,Carretera Convencional,N-2,"404,87","405,04",Convencional
Huesca,Candasnos,Carretera Convencional,N-2,"404,87","405,05",Convencional
Huesca,Fraga,Carretera Convencional,N-2,"429,48","430,05",Convencional
Huesca,Benabarre,Carretera Convencional,N-230,"59,42","59,57",Convencional
Huesca,Estada,Carretera Convencional,N-123,"9,56","9,63",Convencional
Huesca,Villanúa,Carretera Convencional,N-330,"657,69","658,16",Convencional
Huesca,Villanúa,Carretera Convencional,N-330,"660,56","661,26",Convencional
Jaén,Sorihuela del Guadalimar,Carretera Convencional,N-322,"199,75",200,Convencional
La Rioja,Torrecilla en Cameros,Carretera Convencional,N-111,"295,1","295,15",Convencional
La Rioja,Viguera,Carretera Convencional,N-111,"300,52","300,59",Convencional
La Rioja,Viguera,Carretera Convencional,N-111,"306,37","306,67",Convencional
La Rioja,Lumbreras,Carretera Convencional,N111-A,"268,5","268,53",Convencional
La Rioja,Huércanos,Carretera Convencional,N-120,"18,23","18,42",Convencional
La Rioja,Huércanos,Carretera Convencional,N-120,"18,59","18,74",Convencional
La Rioja,Torrecilla en Cameros,Carretera Convencional,N-111,"292,12","292,14",Convencional
La Rioja,Villanueva de Cameros,Carretera Convencional,N-111,"280,92","281,07",Convencional
La Rioja,Lumbreras,Carretera Convencional,N-111,"275,62","275,69",Convencional
La Rioja,Haro,Autopista Peaje,AP-68,"81,06","80,79",Descendente
La Rioja,Fuenmayor,Autopista Peaje,AP-68,"114,68","114,99",Ascendente
La Rioja,Fuenmayor,Autopista Peaje,AP-68,"115,32","114,97",Descendente
La Rioja,Lardero,Autopista Peaje,AP-68,"124,69","125,23",Ascendente
La Rioja,Lardero,Autopista Peaje,AP-68,"125,07","124,5",Descendente
La Rioja,Alcanadre,Autopista Peaje,AP-68,"154,16","154,76",Ascendente
La Rioja,Alcanadre,Autopista Peaje,AP-68,"154,76","154,01",Descendente
La Rioja,Aldeanueva de Ebro,Autopista Peaje,AP-68,"185,52","186,1",Ascendente
La Rioja,Aldeanueva de Ebro,Autopista Peaje,AP-68,"186,16","185,44",Descendente
La Rioja,Alfaro,Autopista Peaje,AP-68,"196,36","197,12",Ascendente
La Rioja,Alfaro,Autopista Peaje,AP-68,"197,04","196,39",Descendente
La Rioja,Lumbreras,Carretera Convencional,N-111,"267,35","267,74",Convencional
La Rioja,Lumbreras,Carretera Convencional,N-111,"272,03","272,19",Convencional
La Rioja,Lumbreras,Carretera Convencional,N-111,"274,05","274,19",Convencional
La Rioja,Lumbreras,Carretera Convencional,N-111,"275,06","275,18",Convencional
La Rioja,Lumbreras,Carretera Convencional,N-111,"275,83","275,89",Convencional
La Rioja,Haro,Autopista Peaje,AP-68,"80,14","80,43",Ascendente
La Rioja,Gimileo,Autopista Peaje,AP-68,"92,85","93,34",Ascendente
La Rioja,Gimileo,Autopista Peaje,AP-68,"93,43","92,94",Descendente
León,Ardón,Autopista Libre \ Autovía,A-66,"164,33","164,91",Ascendente
León,Ardón,Autopista Libre \ Autovía,A-66,"164,33","164,91",Descendente
León,Los Barrios de Luna,Autopista Peaje,AP-66,"105,4","105,65",Ascendente
León,Los Barrios de Luna,Autopista Peaje,AP-66,"98,37","98,11",Descendente
León,Rioseco de Tapia,Autopista Peaje,AP-66,"122,12","122,37",Ascendente
León,Valverde de la Virgen,Autopista Peaje,AP-66,"134,45","134,76",Ascendente
León,Valverde de la Virgen,Autopista Peaje,AP-66,"134,83","134,51",Descendente
León,Rioseco de Tapia,Autopista Peaje,AP-66,"121,66","121,46",Descendente
Lleida,Torres de Segre,Autopista Peaje,AP-2,"134,34","134,98",Ascendente
Lleida,Torres de Segre,Autopista Peaje,AP-2,"134,79","134,19",Descendente
Lleida,Puigverd de Lleida,Autopista Peaje,AP-2,"149,18","149,92",Ascendente
Lleida,Les Valls de Valira,Carretera Convencional,N-145,"3,02","3,09",Convencional
Lleida,Conca de Dalt,Carretera Convencional,N-260,"312,82","313,01",Convencional
Lleida,Sarroca de Bellera,Carretera Convencional,N-260,"324,14","324,38",Convencional
Lleida,Granyanella,Autopista Libre \ Autovía,A-2,"514,84","514,99",Ascendente
Lleida,Granyanella,Autopista Libre \ Autovía,A-2,515,"514,82",Descendente
Lleida,La Pobla de Segur,Carretera Convencional,N-260,"312,09","312,27",Convencional
Lleida,Puigverd de Lleida,Autopista Peaje,AP-2,"149,98","149,37",Descendente
Lleida,La Pobla de Segur,Carretera Convencional,N-260,"307,36","307,42",Convencional
Lleida,La Pobla de Segur,Carretera Convencional,N-260,"304,92","304,95",Convencional
Lleida,Arres,Carretera Convencional,N-230,"174,91","175,185",Descendente
Lleida,Prullans,Carretera Convencional,N-260,"200,58","200,79",Convencional
Lleida,Estamariu,Carretera Convencional,N-260,"219,52","219,58",Convencional
Lleida,Estamariu,Carretera Convencional,N-260,"220,22","220,29",Convencional
Lleida,Cercs,Carretera Convencional,N-260,"222,64","222,92",Convencional
Lleida,Ribera d'Urgellet,Carretera Convencional,N-260,"237,85","237,89",Convencional
Lleida,Ribera d'Urgellet,Carretera Convencional,N-260,"243,17","243,22",Convencional
Lleida,Soriguera,Carretera Convencional,N-260,"253,66","253,73",Convencional
Lleida,Soriguera,Carretera Convencional,N-260,"257,71","257,79",Convencional
Lleida,Soriguera,Carretera Convencional,N-260,"260,19","260,29",Convencional
Lleida,Soriguera,Carretera Convencional,N-260,"263,45","263,5",Convencional
Lleida,Soriguera,Carretera Convencional,N-260,"275,7","275,83",Convencional
Lleida,Sort,Carretera Convencional,N-260,"278,7","278,79",Convencional
Lleida,Sort,Carretera Convencional,N-260,"284,42","284,6",Convencional
Lleida,La Pobla de Segur,Carretera Convencional,N-260,"301,43","301,58",Convencional
Lleida,La Pobla de Segur,Carretera Convencional,N-260,"306,9",307,Convencional
Lugo,Antas de Ulla,Carretera Convencional,N-640,"136,57","136,82",Convencional
Lugo,A Pontenova,Carretera Convencional,N-640,"33,01","33,28",Convencional
Lugo,Barreiros,Carretera Convencional,N-634,"573,51","573,64",Convencional
Lugo,Baralla,Autopista Libre \ Autovía,A-6,"474,25","473,26",Descendente
Lugo,Quiroga,Carretera Convencional,N-120,"475,47","475,55",Convencional
Lugo,Quiroga,Carretera Convencional,N-120,"476,36","476,41",Convencional
Lugo,Quiroga,Carretera Convencional,N-120,"498,12","498,22",Convencional
Lugo,Quiroga,Carretera Convencional,N-120,"483,35","483,46",Convencional
Lugo,Pantón,Carretera Convencional,N-120,"542,31","542,4",Convencional
Lugo,Palas de Rei,Carretera Convencional,N-547,"36,01","36,14",Convencional
Lugo,Pedrafita do Cebreiro,Carretera Convencional,N-6,"432,7","432,86",Convencional
Lugo,Becerreá,Carretera Convencional,N-6,"451,67","452,06",Convencional
Lugo,Becerreá,Carretera Convencional,N-6,"455,05","455,17",Convencional
Lugo,Becerreá,Carretera Convencional,N-6,"456,51","456,63",Convencional
Lugo,Becerreá,Autopista Libre \ Autovía,A-6,"455,91","456,07",Ascendente
Madrid,Guadarrama,Autopista Peaje,AP-6,"49,05","49,27",Ascendente
Murcia,Lorca,Autopista Libre \ Autovía,A-91,"6,32","6,02",Descendente
Málaga,Málaga,Autopista Libre \ Autovía,A-45,"139,862","139,942",Ascendente
Málaga,Marbella,Autopista Peaje,AP-7S,"178,95","178,29",Descendente
Málaga,Mijas,Autopista Peaje,AP-7S,"205,29","205,79",Ascendente
Málaga,Antequera,Autopista Peaje,AP-46,"3,6","3,9",Ascendente
Málaga,Antequera,Autopista Peaje,AP-46,"3,9","3,6",Descendente
Navarra,Lodosa,Autopista Peaje,AP-68,"164,9","165,43",Ascendente
Navarra,Lodosa,Autopista Peaje,AP-68,"165,47","164,83",Descendente
Navarra,Corella,Autopista Peaje,AP-68,"205,71","206,2",Ascendente
Navarra,Corella,Autopista Peaje,AP-68,"206,23","205,79",Descendente
Navarra,Murchante,Autopista Peaje,AP-68,"212,58","213,22",Ascendente
Navarra,Murchante,Autopista Peaje,AP-68,"213,51","212,8",Descendente
Ourense,Cualedro,Carretera Convencional,N-525,"160,5","160,73",Convencional
Ourense,Verín,Carretera Convencional,N-525,"180,13","180,39",Convencional
Ourense,Boborás,Carretera Convencional,N-541,"42,76","42,9",Convencional
Ourense,Punxín,Carretera Convencional,N-541,"16,86","17,06",Convencional
Ourense,Quiroga,Carretera Convencional,N-525,"135,06","135,35",Convencional
Ourense,A Gudiña,Carretera Convencional,N-525,"132,3","132,8",Convencional
Ourense,Cenlle,Carretera Convencional,N-120,"584,81",585,Convencional
Ourense,O Pereiro de Aguiar,Carretera Convencional,N-120,"557,14","557,28",Convencional
Ourense,O Pereiro de Aguiar,Carretera Convencional,N-120,"559,1","559,24",Convencional
Ourense,Melón,Carretera Convencional,N-120,"605,1","605,34",Convencional
Ourense,A Mezquita,Carretera Convencional,N-525,"117,47","117,57",Convencional
Palencia,Abia de las Torres,Autopista Libre \ Autovía,A-67,"59,2","59,445",Ascendente
Palencia,Prádanos de Ojeda,Autopista Libre \ Autovía,A-67,85,"85,2",Ascendente
Palencia,Aguilar de Campoo,Autopista Libre \ Autovía,A-67,"99,05","99,11",Ascendente
Palencia,Abia de las Torres,Autopista Libre \ Autovía,A-67,"59,2","59,275",Descendente
Palencia,Prádanos de Ojeda,Autopista Libre \ Autovía,A-67,85,"84,98",Descendente
Palencia,Aguilar de Campoo,Autopista Libre \ Autovía,A-67,"97,9","97,8",Descendente
Palencia,Torquemada,Autopista Libre \ Autovía,A-62,"65,53","65,79",Ascendente
Palencia,Torquemada,Autopista Libre \ Autovía,A-62,"65,77","65,51",Descendente
Palencia,Ledigos,Carretera Convencional,N-120,"221,6","221,76",Convencional
Palencia,Moratinos,Carretera Convencional,N-120,"228,85","228,98",Convencional
Palencia,Herrera de Pisuerga,Carretera Convencional,N-611,"66,04","66,36",Convencional
Palencia,Santa Cruz de Boedo,Carretera Convencional,N-611,"70,17","70,67",Convencional
Palencia,Herrera de Pisuerga,Carretera Convencional,N-611,"72,89","72,98",Convencional
Pontevedra,Vilaboa,Autopista Peaje,AP-9,"135,31","135,73",Ascendente
Pontevedra,Vilaboa,Carretera Convencional,N-554,"7,19","7,275",Convencional
Pontevedra,Vilaboa,Carretera Convencional,N-554,"7,285","7,365",Convencional
Pontevedra,Vilaboa,Carretera Convencional,N-554,"8,915","9,051",Convencional
Pontevedra,Silleda,Carretera Convencional,N-640,"186,15","186,28",Convencional
Pontevedra,Silleda,Carretera Convencional,N-640,"188,05","188,4",Convencional
Pontevedra,Silleda,Carretera Convencional,N-640,"188,56","188,76",Convencional
Pontevedra,A Estrada,Carretera Convencional,N-640,"193,32","193,6",Convencional
Pontevedra,A Estrada,Carretera Convencional,N-640,"194,36","194,5",Convencional
Pontevedra,Caldas de Reis,Carretera Convencional,N-550,"97,295","97,5",Ascendente
Pontevedra,Tui,Autopista Libre \ Autovía,A-55,"30,87",31,Ascendente
Pontevedra,Redondela,Carretera Convencional,N-550,"137,152","137,211",Convencional
Pontevedra,Barro,Carretera Convencional,N-550,"110,71","111,012",Convencional
Pontevedra,Vilaboa,Autopista Peaje,AP-9,"135,34","134,97",Descendente
Pontevedra,A Cañiza,Carretera Convencional,N-120,"620,07","620,17",Convencional
Pontevedra,Covelo,Carretera Convencional,N-120,625,"625,08",Convencional
Pontevedra,Forcarei,Carretera Convencional,N-541,"54,16","54,33",Convencional
Pontevedra,Cerdedo-Cotobade,Carretera Convencional,N-541,"62,25","62,345",Convencional
Pontevedra,Cerdedo-Cotobade,Carretera Convencional,N-541,"70,34","70,63",Convencional
Pontevedra,Cerdedo-Cotobade,Carretera Convencional,N-541,"73,05","73,12",Convencional
Pontevedra,Cerdedo-Cotobade,Carretera Convencional,N-541,"73,18","73,34",Convencional
Pontevedra,Cerdedo-Cotobade,Carretera Convencional,N-541,"77,04","77,43",Convencional
Pontevedra,Cerdedo-Cotobade,Carretera Convencional,N-541,"77,72","77,92",Convencional
Pontevedra,Cerdedo-Cotobade,Carretera Convencional,N-541,"78,76","79,08",Convencional
Pontevedra,Cerdedo-Cotobade,Carretera Convencional,N-541,"79,12","79,56",Convencional
Pontevedra,Cerdedo-Cotobade,Carretera Convencional,N-541,"79,22","79,46",Convencional
Pontevedra,Cerdedo-Cotobade,Carretera Convencional,N-541,"79,438","79,559",Convencional
Pontevedra,Barro,Carretera Convencional,N-550,"109,55","109,975",Convencional
Pontevedra,Redondela,Carretera Convencional,N-550,"135,298","135,413",Convencional
Salamanca,La Fuente de San Esteban,Carretera Convencional,N-620,"287,79","288,01",Ascendente
Salamanca,Carrascal de Barregas,Carretera Convencional,N-620,"249,095","249,27",Descendente
Salamanca,Cantagallo,Autopista Libre \ Autovía,A-66,"418,95","419,15",Descendente
Salamanca,Guijuelo,Autopista Libre \ Autovía,A-66,"387,5","387,6",Descendente
Salamanca,Cantaracillo,Autopista Libre \ Autovía,A-50,"54,84","55,47",Ascendente
Salamanca,Cantaracillo,Autopista Libre \ Autovía,A-50,"55,47","54,84",Descendente
Salamanca,La Fuente de San Esteban,Autopista Libre \ Autovía,A-62,"284,71","285,33",Ascendente
Salamanca,Ciudad Rodrigo,Autopista Libre \ Autovía,A-62,"317,38","318,06",Ascendente
Salamanca,Ciudad Rodrigo,Autopista Libre \ Autovía,A-62,"320,51","319,77",Descendente
Salamanca,La Fuente de San Esteban,Autopista Libre \ Autovía,A-62,"285,42","284,59",Descendente
Salamanca,Topas,Autopista Libre \ Autovía,A-66,"311,65","310,889",Descendente
Segovia,Honrubia de la Cuesta,Autopista Libre \ Autovía,A-1,"135,1","135,15",Ascendente
Segovia,Honrubia de la Cuesta,Autopista Libre \ Autovía,A-1,"135,32","135,22",Descendente
Segovia,El Espinar,Autopista Peaje,AP-6,"58,06","58,41",Ascendente
Segovia,El Espinar,Autopista Peaje,AP-6,"61,68","62,06",Ascendente
Segovia,El Espinar,Autopista Peaje,AP-6,"69,93","70,44",Ascendente
Segovia,Navas de San Antonio,Autopista Peaje,AP-6,"73,6","74,1",Ascendente
Segovia,Navas de San Antonio,Autopista Peaje,AP-6,"74,1","73,51",Descendente
Segovia,El Espinar,Autopista Peaje,AP-6,"67,5",67,Descendente
Sevilla,Guillena,Carretera Convencional,N-630,"782,906","783,26",Convencional
Sevilla,Guillena,Carretera Convencional,N-630,"795,055","795,39",Convencional
Sevilla,Salteras,Carretera Convencional,N-630,"800,34","801,09",Convencional
Sevilla,Guillena,Carretera Convencional,N-630,"779,58","779,716",Convencional
Sevilla,Guillena,Carretera Convencional,N-630,"772,12","772,25",Convencional
Sevilla,El Ronquillo,Carretera Convencional,N-630,"760,134","760,311",Convencional
Sevilla,Écija,Autopista Libre \ Autovía,A-4,"472,07","472,92",Ascendente
Sevilla,Utrera,Carretera Convencional,N-4,"585,3","585,9",Descendente
Sevilla,Utrera,Carretera Convencional,N-4,"588,38","589,28",Ascendente
Sevilla,La Cabezas de San Juans,Carretera Convencional,N-4,"597,1","597,35",Descendente
Sevilla,El Castillo de las Guardas,Carretera Convencional,N-433,"55,526","55,83",Descendente
Sevilla,El Ronquillo,Carretera Convencional,N-630,"758,118","758,485",Convencional
Sevilla,El Ronquillo,Carretera Convencional,N-630,"758,82","758,49",Convencional
Sevilla,El Ronquillo,Carretera Convencional,N-630,"764,054","764,506",Convencional
Soria,Arcos de Jalón,Autopista Libre \ Autovía,A-2,"171,22","170,9",Descendente
Soria,Villar del Campo,Carretera Convencional,N-122,"120,92","121,71",Convencional
Soria,Villaciervos,Carretera Convencional,N-122,"166,34","166,51",Convencional
Tarragona,Vimbodí i Poblet,Autopista Peaje,AP-2,"183,675","184,15",Ascendente
Tarragona,Vimbodí i Poblet,Autopista Peaje,AP-2,"184,34","183,82",Descendente
Tarragona,El Pla de Santa Maria,Autopista Peaje,AP-2,"208,14","208,76",Ascendente
Tarragona,El Pla de Santa Maria,Autopista Peaje,AP-2,"208,78","208,115",Descendente
Tarragona,La Bisbal del Penedès,Autopista Peaje,AP-2,"227,12","227,71",Ascendente
Tarragona,La Bisbal del Penedès,Autopista Peaje,AP-2,"227,815","227,2",Descendente
Tarragona,El Vendrell,Autopista Peaje,AP-7N,"216,535","216,945",Ascendente
Tarragona,El Vendrell,Autopista Peaje,AP-7N,"217,81","217,45",Descendente
Tarragona,Roda de Berà,Autopista Peaje,AP-7N,"226,2","226,47",Ascendente
Tarragona,Roda de Berà,Autopista Peaje,AP-7N,"226,425","226,205",Descendente
Tarragona,Tarragona,Autopista Peaje,AP-7N,"246,18","246,44",Ascendente
Tarragona,Alcanar,Carretera Convencional,N-340,"1063,54","1063,65",Ascendente
Tarragona,Vimbodí i Poblet,Carretera Convencional,N-240,"45,5","45,68",Ascendente
Tarragona,Alcanar,Carretera Convencional,N-340,"1067,42","1067,46",Ascendente
Tarragona,Alcanar,Carretera Convencional,N-340,"1067,42","1067,52",Descendente
Tarragona,Alcanar,Carretera Convencional,N-340,"1068,87","1068,91",Descendente
Tarragona,Sant Carles de la Ràpita,Carretera Convencional,N-340,"1071,03","1071,07",Ascendente
Tarragona,L' Ampolla,Carretera Convencional,N-340,"1097,94","1098,04",Descendente
Tarragona,Vandellòs i l'Hospitalet de l'Infant,Carretera Convencional,N-340,"1125,93","1125,97",Descendente
Tarragona,Vandellòs i l'Hospitalet de l'Infant,Carretera Convencional,N-340,"1126,38","1126,58",Ascendente
Tarragona,Vandellòs i l'Hospitalet de l'Infant,Carretera Convencional,N-340,"1126,48","1126,63",Descendente
Tarragona,Falset,Carretera Convencional,N-420,"843,85","843,95",Descendente
Teruel,Alcañiz,Carretera Convencional,N-232,"139,15","139,29",Convencional
Teruel,Alcañiz,Carretera Convencional,N-232,145,"145,345",Convencional
Teruel,Híjar,Carretera Convencional,N-232,"156,35","156,56",Convencional
Teruel,Híjar,Carretera Convencional,N-232,"157,325","157,48",Convencional
Teruel,Híjar,Carretera Convencional,N-232,"157,955","158,235",Convencional
Teruel,Híjar,Carretera Convencional,N-232,"161,6","161,82",Convencional
Teruel,Teruel,Carretera Convencional,N-234,"111,2","111,65",Convencional
Teruel,Burbáguena,Carretera Convencional,N-234,"201,65","201,69",Convencional
Teruel,Báguena,Carretera Convencional,N-234,"209,82","209,97",Convencional
Teruel,Libros,Carretera Convencional,N-330,"279,01","279,13",Convencional
Teruel,Cuevas Labradas,Carretera Convencional,N-420,"595,85","596,28",Convencional
Teruel,Peralejos,Carretera Convencional,N-420,"597,76","597,97",Convencional
Teruel,Peralejos,Carretera Convencional,N-420,"599,05","599,18",Convencional
Teruel,Fuentes Calientes,Carretera Convencional,N-420,"625,21","625,54",Convencional
Teruel,Cañada Vellida,Carretera Convencional,N-420,"627,43","627,95",Convencional
Teruel,Valdealgorfa,Carretera Convencional,N-232,"122,2","122,5",Convencional
Teruel,Fórnoles,Carretera Convencional,N-232,"111,52","111,74",Convencional
Teruel,Alcorisa,Carretera Convencional,N-211,"209,75","209,89",Convencional
Teruel,Albentosa,Autopista Libre \ Autovía,A-23,"62,8","62,8",Descendente
Teruel,Ferreruela de Huerva,Autopista Libre \ Autovía,A-23,"201,58","202,58",Ascendente
Teruel,Teruel,Autopista Libre \ Autovía,A-23,"104,65","104,65",Descendente
Teruel,Torre los Negros,Carretera Convencional,N-211,"137,73","138,38",Ascendente
Teruel,Torre los Negros,Carretera Convencional,N-211,"139,24","139,63",Convencional
Teruel,Castel de Cabra,Carretera Convencional,N-211,"179,53","179,67",Convencional
Teruel,Fórnoles,Carretera Convencional,N-232,"110,95","111,29",Convencional
Teruel,Utrillas,Carretera Convencional,N-420,"644,36","645,31",Convencional
Teruel,Valdealgorfa,Carretera Convencional,N-420,"756,8","757,01",Convencional
Teruel,Mazaleón,Carretera Convencional,N-420,"767,585","767,73",Convencional
Teruel,Mazaleón,Carretera Convencional,N-420,"766,875","767,02",Convencional
Teruel,Calaceite,Carretera Convencional,N-420,"773,935","774,12",Convencional
Teruel,Calaceite,Carretera Convencional,N-420,"775,47","775,575",Convencional
Teruel,Calaceite,Carretera Convencional,N-420,"777,39","777,52",Convencional
Toledo,La Guardia,Autopista Libre \ Autovía,A-4,"78,48","79,2",Ascendente
Toledo,Talavera de la Reina,Autopista Libre \ Autovía,A-5,"118,12","118,5",Ascendente
Toledo,Villatobas,Autopista Peaje,AP-36,"17,5","18,27",Ascendente
Toledo,Villatobas,Autopista Peaje,AP-36,"18,32","17,5",Descendente
Toledo,El Toboso,Autopista Peaje,AP-36,"64,03","64,88",Ascendente
Toledo,El Toboso,Autopista Peaje,AP-36,"65,01","64,02",Descendente
Valencia/València,Castielfabib,Carretera Convencional,N-420,"525,98","526,09",Convencional
Valencia/València,Castielfabib,Carretera Convencional,N-420,"528,94","529,32",Convencional
Valencia/València,Castielfabib,Carretera Convencional,N-420,"529,31","529,6",Convencional
Valladolid,Siete Iglesias de Trabancos,Autopista Libre \ Autovía,A-62,"175,31","175,51",Ascendente
Valladolid,Cabezón de Pisuerga,Autopista Libre \ Autovía,A-62,"112,3","112,45",Ascendente
Valladolid,Cabezón de Pisuerga,Autopista Libre \ Autovía,A-62,"111,48","110,9",Descendente
Valladolid,Siete Iglesias de Trabancos,Autopista Libre \ Autovía,A-62,"175,52","175,26",Descendente
Valladolid,Tordesillas,Autopista Libre \ Autovía,A-62,"158,25","158,11",Descendente
Valladolid,Tordesillas,Autopista Libre \ Autovía,A-62,"158,025","158,26",Ascendente
Valladolid,Villanueva de los Caballeros,Autopista Libre \ Autovía,A-6,"220,86","220,414",Descendente
Valladolid,Alcazarén,Carretera Convencional,N-601,"161,4","161,55",Ascendente
Valladolid,Mota del Marqués,Autopista Libre \ Autovía,A-6,"200,72","199,23",Descendente
Valladolid,Villardefrades,Autopista Libre \ Autovía,A-6,"212,425","212,72",Ascendente
Valladolid,Villardefrades,Autopista Libre \ Autovía,A-6,"212,735","212,393",Descendente
Zamora,Villalpando,Autopista Libre \ Autovía,A-6,"229,101","230,62",Ascendente
Zamora,Villalpando,Autopista Libre \ Autovía,A-66,"196,74","197,42",Ascendente
Zamora,Matilla de Arzón,Autopista Libre \ Autovía,A-66,"197,43","196,74",Descendente
Zamora,Matilla de Arzón,Autopista Libre \ Autovía,A-66,"232,65","232,9",Ascendente
Zamora,Santovenia,Autopista Libre \ Autovía,A-66,"241,45","241,95",Ascendente
Zamora,Granja de Moreruela,Autopista Libre \ Autovía,A-66,"241,95","241,45",Descendente
Zamora,Granja de Moreruela,Autopista Libre \ Autovía,A-66,"264,25","264,8",Ascendente
Zamora,Cubillos,Autopista Libre \ Autovía,A-66,"264,75","264,3",Descendente
Zamora,Cubillos,Autopista Libre \ Autovía,A-66,"297,44","298,8",Ascendente
Zamora,Corrales del Vino,Carretera Convencional,N-122,"445,39","445,64",Convencional
Zamora,Coreses,Carretera Convencional,N-122,"467,07","467,72",Convencional
Zamora,Fonfría,Carretera Convencional,N-122,"500,48","500,76",Ascendente
Zamora,Zamora,Carretera Convencional,N-122,"500,5","500,77",Descendente
Zamora,Fonfría,Carretera Convencional,N-122,"509,84","510,3",Descendente
Zamora,Fonfría,Carretera Convencional,N-122,"509,82","510,28",Ascendente
Zamora,Fonfría,Carretera Convencional,N-630,"300,7","300,77",Convencional
Zamora,Corrales del Vino,Carretera Convencional,N-630,"301,11","301,27",Convencional
Zaragoza,Villafeliche,Carretera Convencional,N-234,"235,45","235,5",Convencional
Zaragoza,Fuentes de Jiloca,Carretera Convencional,N-234,"242,51","242,58",Convencional
Zaragoza,Fuentes de Jiloca,Carretera Convencional,N-234,"242,93","243,15",Convencional
Zaragoza,Morata de Jiloca,Carretera Convencional,N-234,"244,7",245,Convencional
Zaragoza,Morata de Jiloca,Carretera Convencional,N-234,246,"246,05",Convencional
Zaragoza,Velilla de Jiloca,Carretera Convencional,N-234,"247,4","247,46",Convencional
Zaragoza,Velilla de Jiloca,Carretera Convencional,N-234,"248,2","248,45",Convencional
Zaragoza,Velilla de Jiloca,Carretera Convencional,N-234,"249,02","249,09",Convencional
Zaragoza,Maluenda,Carretera Convencional,N-234,"249,1","249,2",Convencional
Zaragoza,Maluenda,Carretera Convencional,N-234,"249,5","249,58",Convencional
Zaragoza,Maluenda,Carretera Convencional,N-234,251,"251,07",Convencional
Zaragoza,Paracuellos de Jiloca,Carretera Convencional,N-234,253,"253,1",Convencional
Zaragoza,Calatayud,Carretera Convencional,N-234,"265,97","266,2",Convencional
Zaragoza,Torralba de Ribota,Carretera Convencional,N-234,"271,85","272,02",Convencional
Zaragoza,Cervera de la Cañada,Carretera Convencional,N-234,"276,78","276,92",Convencional
Zaragoza,Murero,Carretera Convencional,N-234,230,"230,1",Convencional
Zaragoza,Villarroya de la Sierra,Carretera Convencional,N-234,"277,58","277,72",Convencional
Zaragoza,Murero,Carretera Convencional,N-234,"229,58","229,72",Convencional
Zaragoza,Manchones,Carretera Convencional,N-234,"226,37","226,46",Convencional
Zaragoza,Villanueva de Jiloca,Carretera Convencional,N-234,"215,49","215,53",Convencional
Zaragoza,Villanueva de Jiloca,Carretera Convencional,N-234,"215,6","215,63",Convencional
Zaragoza,Daroca,Carretera Convencional,N-234,"218,6","218,65",Convencional
Zaragoza,Daroca,Carretera Convencional,N-234,"222,3","222,4",Convencional
Zaragoza,Daroca,Carretera Convencional,N-234,"222,8","222,9",Convencional
Zaragoza,Daroca,Carretera Convencional,N-234,223,"223,15",Convencional
Zaragoza,Daroca,Carretera Convencional,N-234,"223,15","223,195",Convencional
Zaragoza,Daroca,Carretera Convencional,N-234,"223,23","223,38",Convencional
Zaragoza,Daroca,Carretera Convencional,N-234,"223,65","223,79",Convencional
Zaragoza,Daroca,Carretera Convencional,N-234,"223,75","224,05",Convencional
Zaragoza,Retascón,Carretera Convencional,N-234,"224,4","224,55",Convencional
Zaragoza,Retascón,Carretera Convencional,N-234,"224,5","224,85",Convencional
Zaragoza,Retascón,Carretera Convencional,N-234,"225,03","225,19",Convencional
Zaragoza,Retascón,Carretera Convencional,N-234,"225,49","225,7",Convencional
Zaragoza,Manchones,Carretera Convencional,N-234,"226,06","226,28",Convencional
Zaragoza,Manchones,Carretera Convencional,N-234,"229,29","229,57",Convencional
Zaragoza,Villanueva de Jiloca,Carretera Convencional,N-234,"215,11","215,2",Convencional
Zaragoza,Daroca,Carretera Convencional,N-330,"418,12","418,33",Convencional
Zaragoza,Retascón,Carretera Convencional,N-330,"418,99","419,11",Convencional
Zaragoza,Calatayud,Carretera Convencional,N-2,"244,2","244,38",Convencional
Zaragoza,Calatayud,Carretera Convencional,N-2,"244,9","244,97",Convencional
Zaragoza,El Frasno,Carretera Convencional,N-2,"246,25","246,32",Convencional
Zaragoza,El Frasno,Carretera Convencional,N-2,"246,84","246,91",Convencional
Zaragoza,El Frasno,Carretera Convencional,N-2,"251,32","251,4",Convencional
Zaragoza,El Frasno,Carretera Convencional,N-2,"251,7","251,78",Convencional
Zaragoza,Alfajarín,Carretera Convencional,N-2,"337,33","337,65",Convencional
Zaragoza,Osera de Ebro,Carretera Convencional,N-2,"349,964","350,154",Convencional
Zaragoza,Pina de Ebro,Carretera Convencional,N-2,"366,853","367,756",Convencional
Zaragoza,La Almolda,Carretera Convencional,N-2,"379,432","379,688",Convencional
Zaragoza,La Almolda,Carretera Convencional,N-2,"384,624","384,784",Convencional
Zaragoza,Mallén,Autopista Peaje,AP-68,"239,415","239,92",Ascendente
Zaragoza,Mallén,Autopista Peaje,AP-68,"240,065","239,56",Descendente
Zaragoza,Pedrola,Autopista Peaje,AP-68,"260,715","261,185",Ascendente
Zaragoza,Pedrola,Autopista Peaje,AP-68,"261,34","260,815",Descendente
Zaragoza,Ateca,Carretera Convencional,N-2,"224,31","221,37",Convencional
Zaragoza,Retascón,Carretera Convencional,N-330,"418,43","418,63",Convencional
Zaragoza,Zuera,Carretera Convencional,N-330,"531,94","531,97",Convencional
Zaragoza,Zuera,Carretera Convencional,N-330,"519,12","519,39",Convencional
Zaragoza,Mainar,Carretera Convencional,N-330,"426,71","426,83",Convencional
Zaragoza,Mainar,Carretera Convencional,N-330,"428,8","428,9",Convencional
Zaragoza,Mainar,Carretera Convencional,N-330,"429,97","429,98",Convencional
Zaragoza,Villarreal de Huerva,Carretera Convencional,N-330,"432,42","432,92",Convencional
Zaragoza,Villarreal de Huerva,Carretera Convencional,N-330,"433,52","433,67",Convencional
Zaragoza,Villarreal de Huerva,Carretera Convencional,N-330,"434,33","434,47",Convencional
Zaragoza,Villarreal de Huerva,Carretera Convencional,N-330,"434,51","434,61",Convencional
Zaragoza,Paniza,Carretera Convencional,N-330,"435,45","435,56",Convencional
Zaragoza,Paniza,Carretera Convencional,N-330,"439,25","439,49",Convencional
Zaragoza,Paniza,Carretera Convencional,N-330,"440,27","440,45",Convencional
Zaragoza,Paniza,Carretera Convencional,N-330,"440,48","440,52",Convencional
Zaragoza,Paniza,Carretera Convencional,N-330,"441,54","441,65",Convencional
Zaragoza,Botorrita,Carretera Convencional,N-330,"474,16","474,28",Convencional
Zaragoza,María de Huerva,Carretera Convencional,N-330,"477,08","477,29",Convencional
Zaragoza,Zaragoza,Multicarril,N-330,"490,1","490,02",Descendente
Zaragoza,Zuera,Carretera Convencional,N-330,"519,48","519,66",Convencional
Zaragoza,Villanueva de Jiloca,Carretera Convencional,N-234,"214,76","214,86",Convencional
Zaragoza,Villanueva de Jiloca,Carretera Convencional,N-234,"214,34","214,42",Convencional
Zaragoza,Villanueva de Jiloca,Carretera Convencional,N-234,"214,475","214,525",Convencional
Zaragoza,Vera de Moncayo,Carretera Convencional,N-122,75,"75,25",Convencional
Zaragoza,Tarazona,Carretera Convencional,N-122,"82,9","83,2",Convencional
Zaragoza,Tarazona,Carretera Convencional,N-122,"86,74","86,85",Convencional
Zaragoza,Tarazona,Carretera Convencional,N-122,"94,63","94,85",Convencional
Zaragoza,Tarazona,Carretera Convencional,N-122,"79,34","79,46",Convencional
Zaragoza,Tarazona,Carretera Convencional,N-122,"79,91","79,98",Convencional
Zaragoza,Mequinenza,Carretera Convencional,N-211,"302,202","302,29",Convencional
Zaragoza,Mequinenza,Carretera Convencional,N-211,"312,024","312,236",Convencional
Zaragoza,Quinto,Carretera Convencional,N-232,"187,06","187,16",Convencional
Zaragoza,Quinto,Carretera Convencional,N-232,"193,62","193,86",Convencional
Zaragoza,Quinto,Carretera Convencional,N-232,"202,53","203,24",Convencional
Zaragoza,Fuentes de Jiloca,Carretera Convencional,N-232,"215,04","215,26",Convencional
Zaragoza,Pedrola,Carretera Convencional,N-232,"273,69","273,88",Convencional
Zaragoza,Luceni,Carretera Convencional,N-232,"277,35","277,42",Convencional
Zaragoza,El Burgo de Ebro,Carretera Convencional,N-232a,"218,94","219,11",Convencional
Zaragoza,Vera de Moncayo,Carretera Convencional,N-122,"74,5","74,58",Convencional
Zaragoza,Bulbuente,Carretera Convencional,N-122,"67,8","67,95",Convencional
Zaragoza,Magallón,Carretera Convencional,N-122,"55,1","55,45",Convencional
Zaragoza,Corrales del Vino,Autopista Libre \ Autovía,A-2,"234,41","234,01",Descendente
Zaragoza,Villafranca de Ebro,Autopista Peaje,AP-2,"32,26","32,92",Ascendente
Zaragoza,Villafranca de Ebro,Autopista Peaje,AP-2,"32,86","32,21",Descendente
Zaragoza,La Almolda,Autopista Peaje,AP-2,"56,31","56,95",Ascendente
Zaragoza,La Almolda,Autopista Peaje,AP-2,"57,06","56,45",Descendente
Zaragoza,Peñalba,Autopista Peaje,AP-2,74,"73,39",Descendente
Zaragoza,La Muela,Autopista Libre \ Autovía,A-2,"294,29","294,45",Ascendente
Zaragoza,Zaragoza,Multicarril,A-68,"260,767","260,211",Descendente
Zaragoza,Zaragoza,Multicarril,A-68,"261,274","261,684",Ascendente
Zaragoza,Bisimbre,Carretera Convencional,N-122,"50,72","50,94",Convencional
Zaragoza,Agón,Carretera Convencional,N-122,"52,8","52,95",Convencional
Zaragoza,Alberite de San Juan,Carretera Convencional,N-122,"57,17","57,4",Convencional
Zaragoza,Alagón,Autopista Peaje,AP-68,"270,055","270,43",Ascendente
Zaragoza,Alagón,Autopista Peaje,AP-68,"270,4","270,035",Descendente
Ávila,Palacios de Goda,Autopista Libre \ Autovía,A-6,"130,2","130,446",Ascendente
Ávila,Palacios de Goda,Autopista Libre \ Autovía,A-6,"130,065","129,764",Descendente
Ávila,Berrocalejo de Aragona,Autopista Peaje,AP-51,"98,83","98,83",Ascendente
Ávila,Berrocalejo de Aragona,Autopista Peaje,AP-51,"99,3","99,3",Descendente
Ávila,Maello,Autopista Peaje,AP-6,91,"91,63",Ascendente
Ávila,Maello,Autopista Peaje,AP-6,"91,53","90,9",Descendente
